Timestamp,Name ,Roll No.,IITG Mail Id,Contact No.,Hostel Name,Cycle Pass No.,Cycle Photos (Upload 3 images)
27/09/2026 13:40:53,Sarvesh Bochliya,250103092,b.sarvesh@iitg.ac.in,9587380492,Manas,14502,"https://drive.google.com/open?id=1YkZ5RRjrjfTWL6s4ZIjivshhXSeFBlRd, https://drive.google.com/open?id=12z8XDn9v5Lz308o3W3kqU5yTC3ToNCMo, https://drive.google.com/open?id=1e7hXUFuxB2eX4dBerIYB1B7jlmyV8Mt8"
27/09/2026 13:53:37,satvik varshney ,250103094,v.satvik@iitg.ac.in,8445991647,Siang,18404,"https://drive.google.com/open?id=1Adz8ZfHice_3CkiJPbHix5-1rKEUEbhY, https://drive.google.com/open?id=1cEROz1nCkcY_uraK5xDgRTsj36dO_OUx, https://drive.google.com/open?id=1U0o7YBu5-ADvLt7bs3Oem8dunqY7vseJ"
27/09/2026 14:09:26,Talluri Sasi,260150056,talluri.s@iitg.ac.in,9334596455,Manas,16323,"https://drive.google.com/open?id=1duz1l-YDusVDg47EdQAoeuQ4k9mMMiSv, https://drive.google.com/open?id=1v03zjKWxR29dhgZ8Hm-tZaqO_Tb68Dd2, https://drive.google.com/open?id=1Xa9VKQGE9tbietRsgoaqvgDQWjBkQMJA"
27/09/2026 14:10:32,Rajdip,260102243,rajdip.s@iitg.ac.in,8059484596,Dihing,24652,"https://drive.google.com/open?id=1zqUdvp7_n9c1oXN9_XCOewjZNcdmiNux, https://drive.google.com/open?id=1aOEcOopYpsCieckZJdE3KWeC3SrnL1nG, https://drive.google.com/open?id=14a6a5yNfaHy1l5tJi9DfxwxjuacTb_ZE"
27/09/2026 14:12:20,Ravindra Singh,250103082,ravindraras@iitg.ac.in,9520566214,Barak,18962,"https://drive.google.com/open?id=11atdpGOUtqLHubYwVp3GClhMbhuX2VqI, https://drive.google.com/open?id=1ZRM0VCQHF8dC9eOryv67nZuv0AaT8spw, https://drive.google.com/open?id=1Oz-tghJkuQwFxQUJTA0WU1dg4V5QEeWC"
27/09/2026 14:13:28,Aryan Singh,250103020,aryan.s@iitg.ac.in,9521004148,Lohit,14862,"https://drive.google.com/open?id=1NcTYUoguKWG9ZcNbnwb-A6la2I6wWchn, https://drive.google.com/open?id=1QLp7WiMpEofdnLbyusXX-x6zDTI0NhUN"
27/09/2026 14:15:14,Atish,250103021,atish@iitg.ac.in,9680145664,Lohit,18052,"https://drive.google.com/open?id=1cw1pBAuuIhNFPAp8o-DIcB_9RQi-pqPU, https://drive.google.com/open?id=18lGvsR351z2Yk-OCTQQTQ1bTpP7HZvDF, https://drive.google.com/open?id=1OzwFxnKPLf0o5OZblUODEVEWEouACbsK"
27/09/2026 14:16:35,Piyush Nehra,250103072,piyush.n@iitg.ac.in,9929186563,Umium,19345,"https://drive.google.com/open?id=1Kz-Te--4gxBnIiWGDr0n5XU2sNLCB1y1, https://drive.google.com/open?id=1EoyY-Scz0ixTgz6hTfjH5H7Dn42uNsAj, https://drive.google.com/open?id=1F8DZiEfwsCeQdylP1wiYM1Xv0Vhab85B"
27/09/2026 14:18:12,Swayam Pratham,260101097,p.swayam@iitg.ac.in,7082547274,Kameng,24502,"https://drive.google.com/open?id=15DwdfRbx3SXFgos3BIheKRZ7G6pJS7a9, https://drive.google.com/open?id=1mzBetmsruLVIuB7VT2vcjdlha-hhW2Hy, https://drive.google.com/open?id=1Qygo5gRyYBOUl2f7EEFXSh8cem1qqxBe"
27/09/2026 14:19:51,Anshuman,260103011,x.anshuman@iitg.ac.in,9343267618,Kapili,25010,"https://drive.google.com/open?id=1-4NoUmZ10pxsC7UrsaRA55KS3q7H9f_K, https://drive.google.com/open?id=10XAEdcbY0kU17K-PIu8Bq9CEAlDD_aSf, https://drive.google.com/open?id=1WiIR7_PuNT1_2WN2HL6PBWMs5TObT3O3"