sighting_id,day,location,time,image_path,CYC-001,CYC-002,CYC-003,CYC-004,CYC-005,CYC-006,CYC-007,CYC-008,CYC-009,CYC-010
Day1_ADMIN_0935_SJ_01.jpg,Day1,ADMIN,09:35,data/sightings/Day1/ADMIN_0935_SJ_01.jpg,0.54845345,0.47126457,0.4927299,0.48683083,0.47023582,0.44356316,0.4869869,0.4950546,0.48090327,0.45371225
Day1_BRAHMAPUTRA_0135_SJ_01.jpg,Day1,BRAHMAPUTRA,01:35,data/sightings/Day1/BRAHMAPUTRA_0135_SJ_01.jpg,0.7044275,0.6418241,0.6509845,0.65561485,0.6568954,0.65582585,0.61959684,0.6974571,0.66798884,0.648854
Day1_CONFERENCE_0200_SV_01.jpg,Day1,CONFERENCE,02:00,data/sightings/Day1/CONFERENCE_0200_SV_01.jpg,0.613593,0.5706172,0.54130954,0.57658696,0.6095739,0.58267444,0.555217,0.57462156,0.58482754,0.5616759
Day1_DIHING_1105_SV_01.jpg,Day1,DIHING,11:05,data/sightings/Day1/DIHING_1105_SV_01.jpg,0.53058577,0.49372843,0.4657856,0.5393795,0.5352169,0.49795622,0.4734737,0.5231384,0.49626768,0.46287113
Day1_KAMENG_0230_SV_01.jpg,Day1,KAMENG,02:30,data/sightings/Day1/KAMENG_0230_SV_01.jpg,0.7552004,0.71005046,0.6765398,0.6901418,0.68984073,0.70213705,0.6892857,0.73875487,0.72662246,0.6957116
Day1_KAPILI_1235_SB_01.jpg,Day1,KAPILI,12:35,data/sightings/Day1/KAPILI_1235_SB_01.jpg,0.69816214,0.64053494,0.5921004,0.6468714,0.64556855,0.6215255,0.60257566,0.6865438,0.6568998,0.61990464
Day1_LOHIT_0100_SB_01.jpg,Day1,LOHIT,01:00,data/sightings/Day1/LOHIT_0100_SB_01.jpg,0.6549181,0.61520225,0.5832892,0.6125332,0.62119776,0.5946396,0.5568078,0.6131561,0.6262529,0.5849942
Day1_LOHIT_0330_SJ_02.jpg,Day1,LOHIT,03:30,data/sightings/Day1/LOHIT_0330_SJ_02.jpg,0.733902,0.64284,0.63089824,0.66949654,0.6627214,0.6609616,0.63483167,0.682576,0.67293036,0.60604507
Day1_LOHIT_0330_SV_03.jpg,Day1,LOHIT,03:30,data/sightings/Day1/LOHIT_0330_SV_03.jpg,0.63723695,0.60933834,0.5776168,0.60499215,0.6330838,0.60702837,0.55526537,0.62333834,0.60806906,0.5756744
Day1_LOHIT_0340_SB_04.jpg,Day1,LOHIT,03:40,data/sightings/Day1/LOHIT_0340_SB_04.jpg,0.74013877,0.67429787,0.64312124,0.6855233,0.69525105,0.6530207,0.63609135,0.6628558,0.65500855,0.6354148
